{
	"list": [{
			"id": 1,
			"lock": [1, 0],
			"name": "拯救不开心",
			"cover": "https://yx-static.oss-cn-shanghai.aliyuncs.com/perfectline/res/map/zjbkx.png"
		},
		{
			"id": 2,
			"lock": [2, 1],
			"name": "你是我心头的白月光",
			"cover": "https://yx-static.oss-cn-shanghai.aliyuncs.com/perfectline/res/map/nswxtdbyg.png"
		},
		{
			"id": 3,
			"lock": [1, 10],
			"name": "不朽的音符",
			"cover": "https://yx-static.oss-cn-shanghai.aliyuncs.com/perfectline/res/map/bxdyf.png"
		},
		{
			"id": 4,
			"lock": [2, 2],
			"name": "慢慢喜欢你",
			"cover": "https://yx-static.oss-cn-shanghai.aliyuncs.com/perfectline/res/map/mmxhn.png"
		},
		{
			"id": 5,
			"lock": [1, 35],
			"name": "交响情人梦",
			"cover": "https://yx-static.oss-cn-shanghai.aliyuncs.com/perfectline/res/map/jxqrm.png"
		},
		{
			"id": 6,
			"lock": [1, 50],
			"name": "绿野仙踪奇幻之旅",
			"cover": "https://yx-static.oss-cn-shanghai.aliyuncs.com/perfectline/res/map/lyxzqhzl.png"
		},
		{
			"id": 7,
			"lock": [2, 3],
			"name": "好久不见",
			"cover": "https://yx-static.oss-cn-shanghai.aliyuncs.com/perfectline/res/map/hjbj.png"
		},
		{
			"id": 8,
			"lock": [1, 70],
			"name": "宇宙抖腿指南",
			"cover": "https://yx-static.oss-cn-shanghai.aliyuncs.com/perfectline/res/map/yzdtzn.png"
		}
	]
}