[{"name":"旅行","mp3":"lx","author":"佚名","json":"lx","card":"yylx","stars":"22628|45220|57460","id":"1","cid":"1","album":null},{"name":"g小调的巴赫","mp3":"gxddbh","author":"倪椤","json":"gxddbh","card":"yygxddbh","stars":"43632|100164|182948","id":"2","cid":"1","album":null},{"name":"简单","mp3":"jd","author":"佚名","json":"jd","card":"yyjd","stars":"16633|38756|59156","id":"3","cid":"1","album":" "},{"name":"狐狸小姐","mp3":"hlxj","author":"倪椤","json":"hlxj","card":"yyhlxj","stars":"34220|48352|90096","id":"4","cid":"1","album":" "},{"name":"快乐的农夫","mp3":"kldnf","author":"舒曼","json":"kldnf","card":"yykldnf","stars":"19146|33340|47062","id":"5","cid":"1","album":null},{"name":"星无痕","mp3":"xwh","author":"刘加澳","json":"xwh","card":"yyxwh","stars":"41740|78080|126010","id":"6","cid":"2","album":null},{"name":"西风的话","mp3":"xfdh","author":"黄自","json":"xfdh","card":"yyxfdh","stars":"44860|80750|114290","id":"7","cid":"2","album":" "},{"name":"逝水·流光","mp3":"sslg","author":"刘加澳","json":"sslg","card":"yysslg","stars":"65237|113405|156760","id":"8","cid":"2","album":null},{"name":"橘色温度（cover）","mp3":"jswd","author":"何真真","json":"jswd","card":"yyjswd","stars":"32682|80160|118940","id":"9","cid":"2","album":" "},{"name":"筑梦","mp3":"zm","author":"黄士哲","json":"zm","card":"yyzm","stars":"31280|82975|129922","id":"10","cid":"2","album":null},{"name":"G大调小步舞曲","mp3":"gddxbwq","author":"贝多芬","json":"gddxbwq","card":"yygddxbwq","stars":"35373|70500|105633","id":"11","cid":"3","album":null},{"name":"土耳其进行曲","mp3":"teqjxq","author":"莫扎特","json":"teqjxq","card":"yyteqjxq","stars":"33857|67368|92834","id":"12","cid":"3","album":null},{"name":"卢勒舞曲","mp3":"llwq","author":"巴赫","json":"llwq","card":"yyllwq","stars":"29403|63400|90330","id":"13","cid":"3","album":null},{"name":"音乐瞬间","mp3":"yyxj","author":"舒伯特","json":"yyxj","card":"yyyyxj","stars":"36013|59990|94370","id":"14","cid":"3","album":" "},{"name":"加沃特舞曲","mp3":"jwtwq","author":"戈塞克","json":"jwtwq","card":"yyjwtwq","stars":"26905|52715|77810","id":"15","cid":"3","album":" "},{"name":"与你同在","mp3":"yntz","author":"曾帅","json":"yntz","card":"yyyntz","stars":"45463|100620|120813","id":"16","cid":"4","album":""},{"name":"微笑的弧度（cover）","mp3":"wxdhd","author":"何真真","json":"wxdhd","card":"yywxdhd","stars":"45680|87260|121250","id":"17","cid":"4","album":""},{"name":"爱的罗曼史","mp3":"adlms","author":"西班牙民谣","json":"adlms","card":"yyadlms","stars":"35142|66162|100742","id":"18","cid":"4","album":""},{"name":"一步之遥","mp3":"ybzy","author":"卡洛斯·葛戴尔","json":"ybzy","card":"yyybzy","stars":"35623|85083|136016","id":"19","cid":"4","album":""},{"name":"哈巴涅拉舞曲","mp3":"hbnlwq","author":"比才","json":"hbnlwq","card":"yyhbnlwq","stars":"28552|49240|58140","id":"20","cid":"4","album":""},{"name":"爱的礼赞","mp3":"adlz","author":"爱德华·埃尔加","json":"adlz","card":"yyadlz","stars":"48093|95410|151613","id":"21","cid":"5","album":null},{"name":"卡农","mp3":"kn","author":"约翰·帕赫贝尔","json":"kn","card":"yykn","stars":"32855|65480|99822","id":"22","cid":"5","album":null},{"name":"自由探戈","mp3":"zytg","author":"皮亚佐拉","json":"zytg","card":"yyzytg","stars":"45324|89772|146140","id":"23","cid":"5","album":null},{"name":"雀鸟","mp3":"qn","author":"泽昆哈·阿布雷乌","json":"qn","card":"yyqn","stars":"56742|108090|156652","id":"24","cid":"5","album":null},{"name":"匈牙利舞曲第五号","mp3":"xylwqdwh","author":"约翰内斯·勃拉姆斯","json":"xylwqdwh","card":"yyxylwqdwh","stars":"47130|109920|148230","id":"25","cid":"5","album":null},{"name":"小溪之歌（cover）","mp3":"xxzg","author":"萤火虫","json":"xxzg","card":"yyxxzg","stars":"26712|51462|75712","id":"26","cid":"6","album":" "},{"name":"森林狂想曲（cover）","mp3":"slkxq","author":"吴金黛","json":"slkxq","card":"yyslkxq","stars":"30230|59566|95402","id":"27","cid":"6","album":null},{"name":"风动草（cover）","mp3":"fdc","author":"游学志","json":"fdc","card":"yyfdc","stars":"21562|63315|104055","id":"28","cid":"6","album":null},{"name":"春雨","mp3":"cy","author":"Ilya Polyakov","json":"cy","card":"yycy","stars":"65266|109070|158146","id":"29","cid":"6","album":null},{"name":"萤火虫之舞（cover）","mp3":"yhczw","author":"萤火虫","json":"yhczw","card":"yyyhczw","stars":"41993|82263|110703","id":"30","cid":"6","album":" "},{"name":"圣诞节的雪","mp3":"sdjdx","author":"张学昭","json":"sdjdx","card":"yysdjdx","stars":"36720|60723|121560","id":"31","cid":"7","album":null},{"name":"小步舞曲","mp3":"xbwq","author":"巴赫","json":"xbwq","card":"yyxbwq","stars":"24585|47525|70040","id":"32","cid":"7","album":null},{"name":"清明雨中别","mp3":"qmyzb","author":"曾帅","json":"qmyzb","card":"yyqmyzb","stars":"32225|73342|119480","id":"33","cid":"7","album":null},{"name":"爱之悔","mp3":"azh","author":"佚名","json":"azh","card":"yyazh","stars":"39773|88963|163070","id":"34","cid":"7","album":null},{"name":"说给肖邦（cover）","mp3":"sgxb","author":"白日梦","json":"sgxb","card":"yysgxb","stars":"52520|118920|151350","id":"35","cid":"7","album":null},{"name":"Spring In My Step","mp3":"spring in my step","author":"Silent Partner","json":"spring in my step","card":"yyspring in my step","stars":"45815|82035|116982","id":"36","cid":"8","album":" "},{"name":"Greenery","mp3":"greenery","author":"Silent Partner","json":"greenery","card":"yygreenery","stars":"27540|68702|110012","id":"37","cid":"8","album":null},{"name":"Sophomore Makeout","mp3":"sophomore makeout","author":"Silent Partner","json":"sophomore makeout","card":"yysophomore makeout","stars":"34502|68467|107507","id":"38","cid":"8","album":null},{"name":"Beat Your Competition","mp3":"beat your competition","author":"Vibe Tracks","json":"beat your competition","card":"yybeat your competition","stars":"45120|90135|166865","id":"39","cid":"8","album":null},{"name":"About That Oldie","mp3":"about that oldie","author":"Vibe Tracks","json":"about that oldie","card":"yyabout that oldie","stars":"28404|83266|110744","id":"40","cid":"8","album":null}]